Date,Index_PW_v3,DJIA_Close_px,DJITR_Close,Return_PW,Return_DJIA_px,Return_DJITR,Return_EW,Index_EW
2007-01-31,100.0,12621.68753,,,,,,100.0
2007-02-28,97.7538637,12268.63277,,-0.021600251893213518,-0.02797207260604706,,-0.02451842251724138,97.54815774827587
2007-03-31,98.58936158,12354.3529,20098.4492,0.009180371555112992,0.006986934209132656,,0.009800609793103448,98.50418917840281
2007-04-30,104.4013636,13062.91432,21277.1992,0.0601927690199453,0.05735317954208674,0.0586488036101811,0.05886319031034483,104.30246001237735
2007-05-31,109.6416015,13627.63765,22261.0996,0.052107561525688996,0.043231036824254554,0.046242007265693275,0.04609332134482758,109.11010681878388
2007-06-30,107.6461991,13408.62344,21929.8105,-0.017382160582411477,-0.01607132619937257,-0.014881973754791611,-0.018261866758620692,107.11755258604036
2007-07-31,106.511766,13211.9853,21633.8809,-0.008254161913780752,-0.014665050508719468,-0.013494398412608244,-0.015752946620689656,105.43013549801357
2007-08-31,107.259783,13357.73651,21937.5,0.00830282255553733,0.011031741762534297,0.014034425973011633,0.01554698724137931,107.06925646945808
2007-09-30,111.9629242,13895.62594,22848.9902,0.045614049424539366,0.04026800720296575,0.041549410826210886,0.03414401993103448,110.72503129635231
2007-10-31,111.7218783,13930.0112,22934.8398,0.001450033223388716,0.0024745384013986627,0.003757260134848339,0.015395684275862066,112.4297189196259
2007-11-30,106.6513424,13371.71822,22101.6699,-0.04287338904055655,-0.040078430087694406,-0.03632769652047019,-0.035472139793103444,108.44159621320959
2007-12-31,105.7851151,13264.82317,21955.7695,-0.006159385366129463,-0.007994114760818016,-0.006601329250691679,-0.006593520448275863,107.7265843311341
2008-01-31,99.96835866,12650.35948,20971.0,-0.0514901036357627,-0.04632279542102635,-0.044852424780648104,-0.04929464017241379,102.41624111952767
2008-02-29,97.6816646,12266.39044,20394.2695,-0.01634227538947467,-0.03035242125783444,-0.027501335177149477,-0.032359232241379314,99.10213018785178
2008-03-31,98.45497496,12262.88978,20417.7891,0.012180007412743114,-0.00028538631776986456,0.0011532455232095007,0.005266051689655172,99.62400712797594
2008-04-30,101.2124911,12820.1314,21377.6602,0.03374047784163537,0.04544129727960433,0.04701151017374339,0.0420898308275862,103.8171647343587
2008-05-31,100.2292523,12638.32079,21141.4707,-0.0034082914258444508,-0.014181649495417892,-0.011048426150959023,-0.012482982344827587,102.52121689988965
2008-06-30,89.19161329,11350.01389,19018.8594,-0.10439917169952717,-0.10193655639911947,-0.10040036145640518,-0.10954576472413792,91.29045179414203
2008-07-31,89.81669744,11378.02233,19100.6992,0.015539516978462245,0.0024677009448135223,0.004303086650927046,0.01649368817241379,92.79616803915339
2008-08-31,90.86969219,11543.54897,19446.8301,0.014685709433407782,0.014547927152820161,0.018121373274126107,0.02167731182758621,94.8077395101432
2008-09-30,85.34410003,10850.66193,18312.6602,-0.050207437763704676,-0.060023745019899155,-0.058321582189377,-0.042221615448275865,90.80480359102562
2008-10-31,71.2492189,9325.007874,15769.6602,-0.1485209971793274,-0.14060469912732776,-0.1388656793839269,-0.14593304079310346,77.55338248436672
2008-11-30,66.4869425,8829.040877,15003.96,-0.0533146967437579,-0.053186764419026034,-0.04855527578203622,-0.07574222575862069,71.67931667989117
2008-12-31,65.95422653,8776.393666,14945.1699,-0.002635683717313247,-0.005962959253835498,-0.003918305567330083,-0.010023210896551725,70.96085977188791
2009-01-31,58.79463384,8000.862809,13653.0596,-0.0923592269952237,-0.08836555042014904,-0.08645671535657817,-0.13207180586206896,61.58893087628964
2009-02-28,50.88365819,7062.93004,12118.1904,-0.12422227146229042,-0.11722895285055246,-0.11241943161223733,-0.15504183637931035,52.04006993259128
2009-03-31,55.44992649,7608.91587,13080.2402,0.09606074276837902,0.07730302111275056,0.07938889951753869,0.14024371344827585,59.338362588045854
2009-04-30,61.23116987,8168.123238,14069.1797,0.12846892867490625,0.07349369838675845,0.07560560699795094,0.14913405255172416,68.18773307258475
2009-05-31,64.41287327,8500.33431,14704.6699,0.05566936043253026,0.04067165275549178,0.045168958926582015,0.060712052413793106,72.32755029686527
2009-06-30,63.99812322,8447.002654,14644.6104,-0.0027381171997929595,-0.00627406570789335,-0.0040843827442873515,0.0066918056666666675,72.81155220779794
2009-07-31,70.00735727,9171.614459,15926.21,0.09997491266797667,0.08578330499953934,0.08751339673740999,0.1032667346,80.33056344545466
2009-08-31,73.20306801,9496.284078,16558.3691,0.049334805595294365,0.03539939674213044,0.03969300291783173,0.04726654413333333,84.12751156780477
2009-09-30,76.02936471,9712.277042,16961.5,0.042332226579525976,0.022744998172536723,0.024346051085429643,0.034619478733333334,87.03996216541465
2009-10-31,75.17878439,9712.730492,16985.6699,-0.007428477061301836,4.6688330454403015e-05,0.0014249859977006896,-0.010845168999999998,86.09599906597713
2009-11-30,80.7081767,10344.83866,18161.9902,0.07543037101699374,0.0650803776055191,0.06925368895812567,0.07359302553333333,92.43206412355741
2009-12-31,81.7147994,10428.04659,18335.2305,0.016766987008393595,0.008043424623115358,0.00953861873573758,0.018941689766666665,94.18288360667847
2010-01-31,79.20433427,10067.32776,17726.0,-0.026342361137928535,-0.034591217721055445,-0.033227316122368955,-0.03316256993333334,91.059537142549
2010-02-28,81.7346186,10325.26477,18248.5,0.03302139580332147,0.025621199204902023,0.029476475234119448,0.03143226316666667,93.92174447784846
2010-03-31,86.63561004,10856.63165,19218.3301,0.06164452956399948,0.05146278491026046,0.05314574348576584,0.056807172133333333,99.25717318346456
2010-04-30,88.1660868,11008.6127,19512.0996,0.019895437536095285,0.013998913742274688,0.015285901453009343,0.011783320399999998,100.42675225708359
2010-05-31,80.84985652,10136.62991,18037.0195,-0.0812117958895829,-0.0792091441276701,-0.0755982252161117,-0.08199349736666667,92.19241161034952
2010-06-30,77.40973213,9774.021707,17418.8809,-0.04015612564223278,-0.035772066872272745,-0.034270551185022424,-0.046792043066666664,87.87854031585819
2010-07-31,83.09142517,10465.94495,18678.3594,0.07551096109307252,0.0707920714463377,0.07230536262521903,0.07333736846666668,94.3233212073151
2010-08-31,79.03771154,10014.72094,17947.4902,-0.045955188269086976,-0.04311354704765569,-0.03912919675375781,-0.04620436763333333,89.96517179785532
2010-09-30,85.65397666,10788.0532,19356.8203,0.08590370696619869,0.07721955156146376,0.07852519122701618,0.08152835873333333,97.29988459769685
2010-10-31,88.42775939,11118.48662,19978.0508,0.03404551854207241,0.03062956901250713,0.032093623351971745,0.0293279267,100.15348848109656
2010-11-30,87.74323139,11006.02119,19855.5996,-0.005794411214466024,-0.010115174289790141,-0.006129286646923471,-0.012406853999999998,98.91089877192091
2010-12-31,93.31034631,11577.50602,20913.8008,0.0665250600127224,0.05192474375019818,0.05329484988204536,0.068013441,105.63816934980193
2011-01-31,96.59108784,11891.93241,21510.4199,0.037417325153795956,0.027158387087584446,0.02852753096892835,0.025679509566666665,108.35090573022532
2011-02-28,99.90626527,12226.3392,22190.7598,0.03592032699634786,0.02812047516506211,0.031628387691306825,0.024892200133333334,111.04799816029004
2011-03-31,100.5610675,12319.73243,22392.0098,0.007879771805313662,0.007638691228196937,0.009069090099384614,0.002937626666666667,111.37421572096567
2011-04-30,104.5955382,12810.53882,23316.9492,0.04141425623839564,0.039839046244610765,0.0413066718111208,0.03798604643333334,115.60488185081834
2011-05-31,102.8213733,12569.79015,22961.1602,-0.015525494931130387,-0.018793016701540988,-0.015258814390692321,-0.015743924933333334,113.7848072690322
2011-06-30,101.2452738,12414.33659,22709.5391,-0.01442182255538135,-0.01236723590011568,-0.010958553392262704,-0.01805509036666667,111.73041229143608
2011-07-31,98.90203359,12143.23891,22243.3105,-0.02136948118277957,-0.021837468159061846,-0.020530077600738328,-0.0265645079,108.76234887144997
2011-08-31,94.3196349,11613.53128,21362.0605,-0.043034735045086404,-0.043621609846099973,-0.03961865298782752,-0.0514212518,103.1696527437717
2011-09-30,88.15223675,10913.3848,20099.1094,-0.05989077118023595,-0.06028713085792792,-0.059121221007683133,-0.07028006736666666,95.91888259874382
2011-10-31,97.06202609,11955.01446,22053.6895,0.1052512879712548,0.09544515098560447,0.09724709991379021,0.10752248156666666,106.23231888486251
2011-11-30,97.7367689,12045.68309,22314.7891,0.008765525097694316,0.00758415059248696,0.011839270703434934,0.0010087812000000005,106.33948405098594
2011-12-31,99.94385709,12217.55994,22666.8691,0.02568107550625859,0.014268750781156303,0.015777877103037463,0.02262064353333333,108.74495161322189
2012-01-31,104.0206666,12632.91005,23471.9395,0.04525936799252682,0.03399615897444086,0.035517494562140595,0.05375565473333334,114.59060768613527
2012-02-29,107.3078431,12952.06665,24150.8105,0.032509562348038645,0.02526390188300276,0.0289226631655215,0.027661586766666666,117.76036572329036
2012-03-31,109.7050988,13212.03889,24670.7402,0.024601856285042814,0.020071873240399052,0.021528457606008633,0.0319057221,121.51759522645204
2012-04-30,109.564599,13213.62824,24709.9902,-6.374829415939671e-05,0.00012029558898762893,0.0015909534809985804,-0.0006564545000000007,121.43782445423648
2012-05-31,102.7531376,12393.44799,23271.8906,-0.05881373111062453,-0.0620707829146554,-0.0581991165662219,-0.0577154079,114.42899088137162
2012-06-30,107.2650107,12880.09181,24214.7793,0.04552182987388269,0.039266217148985705,0.040516205417363116,0.04455518,119.52739516730948
2012-07-31,107.9822633,13008.67778,24494.0293,0.00758272511447371,0.009983311601875933,0.01153221330412868,0.0007430538333333332,119.6162104564769
2012-08-31,109.2841803,13090.83723,24749.6895,0.01346601260371291,0.006315741798625707,0.01043765388163398,0.015035286833333333,121.41467449060642
2012-09-30,112.8085787,13437.12686,25430.0605,0.03376152542638478,0.026452825278922232,0.027490082249314707,0.027823185833333333,124.79281754185223
2012-10-31,110.3270685,13096.46233,24823.4297,-0.02049449010480016,-0.025352482978641788,-0.02385487049863677,-0.021054982433333334,122.16530696070235
2012-11-30,110.5067958,13025.58015,24792.4902,0.0027016203613217174,-0.0054123150369875805,-0.0012463829685871453,0.0010632684666666663,122.29520147931434
2012-12-31,111.5589713,13104.14188,24987.4004,0.010622673577640344,0.006031342104942494,0.007861662883706488,0.017335221133333335,124.4152158405038
2013-01-31,117.9880386,13860.57687,26464.1191,0.058697297375174214,0.057724877899444804,0.05909853271491183,0.0534220865,131.0617362630514
2013-02-28,120.0231429,14054.48533,26929.9805,0.01831865102250679,0.013989927101785815,0.017603510558566127,0.022530691766666666,134.01464784519837
2013-03-31,124.287309,14578.53735,27969.5605,0.03712014025671493,0.03728717257837855,0.03860307288376985,0.04065762966666667,139.4633657671972
2013-04-30,126.5644719,14839.7954,28512.0391,0.020539053535462724,0.017920731259092992,0.019395320852467535,0.0261854212,143.1152727417809
2013-05-31,129.8806988,15115.56779,29149.6094,0.02865969869695027,0.018583301357375737,0.022361441697096973,0.027671708333333333,147.0755168271369
2013-06-30,128.5397523,14909.60245,28785.0293,-0.009131514491883054,-0.01362604057363026,-0.012507203612821094,-0.007805935400000001,145.92745484386268
2013-07-31,133.49318,15499.54494,29972.0801,0.0401291251585095,0.03956795575055727,0.04123847808624603,0.03891470283333333,151.6061783843363
2013-08-31,128.2863876,14810.30596,28741.0898,-0.03817472104646821,-0.04446833650072313,-0.041071233491064785,-0.038873045466666666,145.7127845189744
2013-09-30,133.0825114,15129.66835,29394.0391,0.03918948642418511,0.021563524133974,0.02271832086200165,0.0314917559,150.30153596055524
2013-10-31,137.5373026,15545.74659,30240.2793,0.03543839104273121,0.027500816962719554,0.02878951739572244,0.03493501233333333,155.5523219730562
2013-11-30,142.8085365,16086.4107,31395.7598,0.039078747149697994,0.034778909257905166,0.03820998108307827,0.034675836333333335,160.94622883106385
2013-12-31,147.3128356,16576.66248,32397.1406,0.03287774013506484,0.030476144687764162,0.03189541538026419,0.030266123566666667,165.81744728045382
2014-01-31,139.145581,15698.84592,30717.1992,-0.053812926083957206,-0.05295496370630082,-0.05185461954009607,-0.04369157196666666,158.57262234927092
2014-02-28,145.1491537,16321.711,32049.9297,0.043811845828275936,0.03967585153546116,0.04338710998104278,0.03845600276666667,164.67069155305208
2014-03-31,146.7036977,16457.66372,32348.3398,0.011786898921731986,0.008329562997408946,0.00931078797342888,0.016979278033333333,167.4666810088726
2014-04-30,148.4786634,16580.83675,32629.1191,0.013570653545696738,0.00748423543557486,0.008679867397707985,0.013041973666666668,169.6507770526344
2014-05-31,150.2679509,16717.17478,33017.8398,0.01324415370248749,0.0082226266415657,0.01191330660226142,0.013923188566666666,172.01285681201978
2014-06-30,151.9002007,16826.60483,33263.9688,0.011986818828788477,0.006545965537844145,0.007454424683470684,0.012861669633333333,174.22522934902182
2014-07-31,149.3530785,16563.30482,32786.1406,-0.01514205330445109,-0.015647839398389096,-0.014364738100644314,-0.0121588372,172.1068531492344
2014-08-31,155.2936352,17098.44604,33965.0117,0.04077956460902616,0.0323088433024441,0.03595638518063349,0.03724032556666667,178.51616839276642
2014-09-30,154.8278765,17042.89616,33887.1289,-0.001336683554062496,-0.0032488262307607263,-0.002293030271501406,-0.0009505491333333338,178.34648000361466
2014-10-31,157.6166702,17390.5164,34618.5781,0.020854698872151564,0.02039678213940377,0.021584867875897196,0.015917377400000002,181.18528823379376
2014-11-30,161.5088948,17828.23662,35609.3398,0.026377867392786268,0.02517005302959263,0.028619364352229226,0.03221623086666667,187.02239530917723
2014-12-31,160.9904122,17823.06695,35650.3906,-0.001841005416418036,-0.00028997091020210863,0.0011528099153357285,-0.008563183166666667,185.42088828187596
2015-01-31,154.9201005,17789.8972,34374.3516,-0.03375954586709443,-0.0018610573642041661,-0.03579312816841895,-0.03628799683333333,178.69233567506942
2015-02-28,164.7032097,17756.72746,36440.8594,0.06447933345962956,-0.0018645267944550348,0.06011772451876585,0.06116911166666667,189.62278710995523
2015-03-31,162.1264632,17723.55771,35766.5586,-0.01500070414927162,-0.0018680103118503544,-0.018503976335969896,-0.020286753466666665,185.77595637619336
2015-04-30,163.5788236,17690.38797,35926.9609,0.011835651594039225,-0.0018715057407061586,0.004484700409504994,0.015605767266666666,188.67513271514267
2015-05-31,166.3141546,17657.21822,36412.5898,0.01766612962748966,-0.0018750154070250602,0.01351711605531336,0.013681699933333335,191.2565292658331
2015-06-30,163.7887841,17624.04847,35661.5117,-0.014093246681745025,-0.0018785376941440335,-0.020626879442670054,-0.0240080218,186.66483834182662
2015-07-31,165.2480008,17590.87873,35848.1289,0.011435447279417765,-0.0018820726722615921,0.0052330142807714974,0.0091034618,188.36413456707464
2015-08-31,155.1878656,17557.70898,33627.0391,-0.05973186214765461,-0.0018856221175257426,-0.061958318834320014,-0.05937103643333333,177.18076067095956
2015-09-30,153.7039174,17524.53924,33172.4805,-0.007406112265817167,-0.0018891838358743307,-0.013517651632908856,-0.010192003433333334,175.3749337498805
2015-10-31,167.4674196,17491.36949,36022.7695,0.09221950692701962,-0.0018927601773567337,0.08592330018854044,0.0908701796,191.31128547707027
2015-11-30,168.6516194,17458.19975,36276.8594,0.007786284110839769,-0.001896348940485404,0.007053591479133647,0.004315372666666667,192.13686496924288
2015-12-31,161.1367558,17425.03,35726.0313,-0.011991788402793604,-0.0018999524850780158,-0.01518400735649128,-0.0087210707,190.46122578576973
2016-01-31,151.9618388,17512.1825,33801.6992,-0.05242944720506104,0.005001569581228882,-0.05386358433829175,-0.050266590400000005,180.88738936211453
2016-02-29,152.3845317,17599.335,34054.2891,0.004748448901718438,0.004976678378037613,0.007472698295593272,0.010717081533333334,182.8259742622601
2016-03-31,163.7167356,17686.4875,36511.6992,0.07558921984760086,0.0049520336990005465,0.07216154454975832,0.07085249833333333,195.77965129896694
2016-04-30,164.1162707,17773.64,36736.7188,0.005328733409360365,0.00492763189977663,0.00616294516361493,0.004199573033333333,196.60184224303748
2016-05-31,164.423357,17787.2,36918.0391,0.0033467569406098055,0.0007629275713922912,0.004935669431642253,0.009138417266666667,198.39847191284974
2016-06-30,165.8610195,17929.99,37267.0703,0.010780112884024806,0.00802768282810118,0.009454218276722992,0.010642994999999999,200.51002585742586
2016-07-31,170.5852071,18432.24,38360.8906,0.0301364187239918,0.028011727836992684,0.029350852943221595,0.031084649000000002,206.74280963218487
2016-08-31,171.1482691,18400.88,38460.5703,0.00434576295361188,-0.001701366735676224,0.00259847199689367,0.004425950166666666,207.65784300493357
2016-09-30,170.3813504,18308.15,38302.4219,-0.003201888670063323,-0.005039432896687512,-0.0041119619071274816,-0.0034333746,206.94487584126966
2016-10-31,169.4282299,18142.42,37999.6289,-0.0033046334146682836,-0.00905225268527965,-0.007905322561339023,-0.011934172299999999,204.47516003637784
2016-11-30,179.3512733,19123.58,40234.0195,0.06329707472525388,0.054080988093099025,0.05880032686319203,0.044865803833333336,213.6491024553594
2016-12-31,185.9085463,19762.6,41619.6484,0.03736813107870094,0.03341529148830902,0.03443923617922384,0.0313439183,220.34570246758852
2017-01-31,187.0223806,19864.09,41877.7383,0.007752649932778861,0.005135457885096173,0.006201155221676524,0.007191889033333333,221.93040430870727
2017-02-28,196.6030976,20812.24,44041.8516,0.052689459064663415,0.04773186186731948,0.05167693834124765,0.047237443233333336,232.41382918399057
2017-03-31,195.4504396,20663.22,43779.7891,-0.004880357941099455,-0.007160209568984444,-0.005950306140171446,-0.0027692048666666668,231.77022767713362
2017-04-30,198.1420991,20940.51,44413.75,0.015472763601242907,0.01341949609015436,0.014480675056518288,0.012022047000000001,234.55658024746887
2017-05-31,198.9065261,21008.65,44730.2617,0.0057578524271435436,0.0032539799651489787,0.007126434944133342,0.003620155433333333,235.4057115258758
2017-06-30,202.4153906,21349.63,45510.0391,0.01921908876704976,0.016230457454429414,0.017432882580250997,0.013244088233333333,238.52344553995516
2017-07-31,208.1491745,21891.12,46728.5313,0.03251416395643942,0.025362968819599985,0.026774140916965283,0.024390828133333334,244.34122990589069
2017-08-31,209.3442746,21948.1,47033.6797,0.007408723803657154,0.0026028818991443714,0.006530237341313638,0.002697269466666666,245.00028404476365
2017-09-30,216.3622548,22405.09,48051.3594,0.02142771411394845,0.020821392284525952,0.02163725454804255,0.021709867172413792,250.31920766857914
2017-10-31,224.3779237,23377.24,50185.3008,0.040982885232233715,0.04338969403827431,0.044409594788695994,0.0358580073,259.2951556444893
2017-11-30,233.0663294,24272.35,52311.6289,0.04014969910679393,0.038289806666655046,0.04236953980756075,0.03598640423333333,268.626255931257
2017-12-31,237.4270016,24719.22,53317.9609,0.020001930764260906,0.01841066069004449,0.019237252235515756,0.0184719253,273.5883000644379
2018-01-31,250.9358033,26149.39,56452.3086,0.06071394148246344,0.05785659903508278,0.05878596343694764,0.04834599916666667,286.81519979136294
2018-02-28,241.971921,25029.2,54217.1094,-0.03312615286686297,-0.04283809297272323,-0.03959446930395327,-0.0457759381,273.68596495957433
2018-03-31,233.0201625,24103.11,52270.3008,-0.03586234827897817,-0.037000383552011296,-0.03590764283718906,-0.025435268766666668,266.724688883163
2018-04-30,234.7026172,24163.15,52449.7109,0.010268252344407078,0.0024909648588917754,0.003432352545405637,0.010357865599999998,269.4873873628167
2018-05-31,238.7253413,24415.84,53189.25,0.01930015157365008,0.010457659700825461,0.014099965229741551,0.010626098399999999,272.3509868584929
2018-06-30,242.7467819,24271.41,52930.9883,-0.002280562585554928,-0.005915422119410985,-0.0048555243775763035,0.005844585275862069,273.94276542615256
2018-07-31,254.4283474,25415.19,55490.0,0.04936475196462778,0.04712457990697683,0.048346191563553464,0.04738514616666667,286.92358340717163
2018-08-31,261.3874747,25964.82,56908.5313,0.030672904328135315,0.021626043322910515,0.025563728599747648,0.029099450000000002,295.27290187634947
2018-09-30,266.9474008,26458.31,58028.5195,0.022860903701562563,0.019006101332495362,0.019680497359804372,0.0190063969,300.88497584322613
2018-10-31,254.130467,25115.76,55137.0703,-0.04228441765249141,-0.05074209199302615,-0.0498280711780007,-0.039726469966666664,288.931877886969
2018-11-30,258.5633643,25538.46,56297.9609,0.024034133826321184,0.016830070043669876,0.021054629737917052,0.03561031986666666,299.22083447820063
2018-12-31,236.1538587,23327.46,51462.7695,-0.08514189494674308,-0.08657530642019917,-0.08588572876713185,-0.08299888626666667,274.38583846872734
2019-01-31,253.9214386,24999.67,55215.7813,0.0789064746625811,0.07168418679101785,0.07292673589982357,0.058000626066666665,290.30038888374077
2019-02-28,264.4319081,25916.0,57441.7109,0.04516504531955725,0.03665368382862666,0.04031328630316766,0.039753706166666666,301.84090524349403
2019-03-31,264.6366803,25928.68,57541.7617,0.004922900521538103,0.0004892730359622455,0.0017417795959138171,0.015559231233333333,306.5373176838562
2019-04-30,271.9999153,26592.91,59072.6992,0.032652978100735516,0.02561757868121317,0.026605676551609614,0.02855826653333333,315.29149210468483
2019-05-31,254.8800937,24815.04,55341.2813,-0.059814097369724116,-0.0668550376773358,-0.06316653802066319,-0.06198947246666667,295.7467388358872
2019-06-30,273.6578016,26599.96,59387.3789,0.07461627947749294,0.07192895921183284,0.07311174416194799,0.07293707063333334,317.31763961593833
2019-07-31,276.7504057,26864.27,60049.75,0.013238604592135035,0.009936481107490458,0.011153398453825236,0.009919657833333335,320.4653220254095
2019-08-31,273.4079149,26403.28,59254.75,-0.009100074024507496,-0.017159967495859796,-0.013239022643724563,-0.02297192073333333,313.1036180500596
2019-09-30,278.7611443,26916.83,60471.4883,0.021554827240930795,0.01945023497080678,0.020534021323185048,0.028429443533333335,322.0049796794962
2019-10-31,280.4317101,27046.23,60825.5117,0.011761903503963195,0.004807401168711145,0.005854385429438835,0.011462139666666668,325.6958457299448
2019-11-30,292.7333303,28051.41,63323.3516,0.046071903107537525,0.03716525371558266,0.04106566192685235,0.0350452704,337.1099447117074
2019-12-31,297.9935431,28538.44,64505.4805,0.0207684830069318,0.01736205060636875,0.018668135373933525,0.024448042333333333,345.3516229110068
2020-01-31,296.1315276,28256.03,63933.6797,-0.002124506209289817,-0.009895775662580042,-0.008864375485118647,-0.018807303433333332,338.85649014772537
2020-02-29,266.8712892,25409.36,57697.3086,-0.09752314179066192,-0.10074557536922202,-0.09754437925774517,-0.0996847264,305.07767363848507
2020-03-31,229.3826017,21917.16,49840.3086,-0.12212085617544029,-0.1374375427008,-0.13617619592051478,-0.12073437056666667,268.24431273779965
2020-04-30,254.8809835,24345.72,55431.8086,0.11569142194930025,0.11080632709712401,0.11218831016628172,0.1070879005,296.970033009956
2020-05-31,267.2150943,25383.11,58013.4609,0.05007275523404355,0.04261077511776201,0.04657348127731842,0.04027783683333333,308.93134354392066
2020-06-30,273.5606153,25812.88,59067.1289,0.02994680257871718,0.016931337412948944,0.0181624744266895,0.0020360849999999995,309.5603540185403
2020-07-31,280.4719333,26428.32,60546.8711,0.031116483216075765,0.023842360867907697,0.025051872802302366,0.0138169118,313.83752212679127
2020-08-31,278.8256678,28430.05,65341.6719,0.09807410454005602,0.07574185570630299,0.07919155379773213,0.07654342116666667,337.85971976084534
2020-09-30,272.287034,27781.7,63920.3086,-0.021321625320171386,-0.022805095312881885,-0.02175278438199868,-0.020738794999999997,330.85291629396767
2020-10-31,259.5854086,26501.6,61033.7617,-0.04362832738518567,-0.04607709391433934,-0.04515852572088486,-0.043680678933333335,316.4010362831739
2020-11-30,291.6423417,29638.64,68445.0391,0.13253860771667134,0.11837172095269732,0.12142914337197075,0.13282015576666667,358.4254712070397
2020-12-31,302.2924117,30606.48,70778.1016,0.0405951217088351,0.03265466971493969,0.03408665596043181,0.037172464333333335,371.7490292516416
2021-01-31,296.3292216,29982.62,69396.6563,-0.016278685328004746,-0.02038326524317724,-0.01951797616453721,-0.013664265233333334,366.66935191571304
2021-02-28,307.2689984,30932.37,71779.3125,0.04343304936536964,0.03167668469266527,0.03433387611212613,0.03772522403333333,380.50203536289035
2021-03-31,327.8615718,32981.55,76644.3281,0.07078629460928028,0.06624710618681995,0.06777740592040349,0.0684317292,406.54044760689254
2021-04-30,337.1230145,33874.85,78778.5625,0.030703420340245813,0.02708483985743526,0.027845953548127023,0.017800336366666666,413.7770043209504
2021-05-31,344.3466785,34529.45,80519.3594,0.022529933951790867,0.019324070807693605,0.022097342789163088,0.0212107394,422.55352052931477
2021-06-30,344.735296,34502.51,80534.8984,0.0034680131590810667,-0.0007802035653621253,0.00019298464513117786,0.0018557720999999995,423.3376835634699
2021-07-31,349.4260474,34935.47,81612.5313,0.015169843894641663,0.01254865225747337,0.013380943186239724,0.009846477966666666,427.5060687371373
2021-08-31,354.6639849,35360.73,82836.7109,0.017253657216366895,0.012172728748174988,0.014999897448346955,0.0142940851,433.6168768644324
2021-09-30,340.0889412,33843.92,79359.0234,-0.039171277128004764,-0.04289532484199299,-0.041982443076454934,-0.0407379607,415.9522095758724
2021-10-31,360.4599326,35819.56,84061.5,0.0654885325810392,0.05837503457046345,0.059255726677704956,0.04478122873333333,434.579060615025
2021-11-30,347.8830248,34483.72,81117.7266,-0.031677315237631315,-0.03729359042936309,-0.035019282311165134,-0.0376389157,418.22197598755093
2021-12-31,367.0184666,36338.3,85602.8984,0.05872626898621556,0.05378132057678231,0.05529212895865365,0.0636488694,444.84133191739244
2022-01-31,354.9790786,35131.86,82828.4063,-0.029335675396706267,-0.033200232261828444,-0.03241119345089838,-0.0181864787,436.7512345095971
2022-02-28,343.4137635,33892.6,80100.4375,-0.029508491836144957,-0.035274534283126546,-0.03293518397685269,-0.026845437466666667,425.02645655508024
2022-03-31,351.2768222,34678.35,82091.0703,0.02647894525244348,0.023183526787558417,0.024851709455394833,0.024461315966666668,435.4231630030668
2022-04-30,333.0868646,32977.21,78132.2734,-0.046871065361840276,-0.0490548137382546,-0.04822445225202532,-0.048157551433333334,414.4542496354819
2022-05-31,334.5509448,32990.12,78386.7266,0.0080024864001027,0.00039148248138642927,0.003256697763001304,0.0044769378000000006,416.30973553204564
2022-06-30,312.8551755,30775.43,73243.6797,-0.05961534168559118,-0.06713191707092914,-0.06561119622004985,-0.07535707853333333,384.93785009736604
2022-07-31,334.4320864,32845.13,78237.0313,0.07277221022540714,0.06725170046364903,0.06817450489178545,0.06007772746666666,408.0640413471202
2022-08-31,321.7414804,31510.43,75325.8125,-0.03622870982522412,-0.04063616128174852,-0.0372102411304045,-0.040407479366666665,391.5752020161078
2022-09-30,292.9550946,28725.51,68725.7891,-0.08616955434542607,-0.08838089483386935,-0.08761967751758415,-0.09706448659999999,353.56715606712305
2022-10-31,334.2853949,32732.95,78392.8203,0.14566088639365188,0.1395080539910345,0.1406608978462789,0.13818008276666666,402.4230949560531
2022-11-30,354.4370022,34589.77,83130.5234,0.0642512011667401,0.056726326224797896,0.06043542102286126,0.0685088121,429.9926231530978
2022-12-31,339.9956858,33147.25,79728.4766,-0.03801229532432025,-0.041703659781490265,-0.04092415951275019,-0.03986831006666667,412.8495439268507
2023-01-31,350.7076956,34086.04,82062.7422,0.0381526699660557,0.02832180648470084,0.02927768972322231,0.043676554666666666,430.88138960128015
2023-02-28,336.8038877,32656.7,78827.75,-0.03871883986350396,-0.041933295859536646,-0.039420961489634365,-0.038653554,414.226292540732
2023-03-31,344.0845329,33274.15,80469.5,0.02678193865241774,0.01890729926783785,0.020827056461715676,0.0305418363,426.87752415866703
2023-04-30,352.9125261,34098.16,82539.6172,0.026858945883106538,0.02476426895953776,0.02572548853913581,0.0192587252,435.09864109049516
2023-05-31,342.0706198,32908.27,79925.6719,-0.027005648084235397,-0.03489601784964369,-0.03166897774272681,-0.04085622776666666,417.32215190913473
2023-06-30,357.82376,34407.6,83663.1094,0.04855359614443253,0.04556088788623658,0.046761414838978554,0.04918234933333333,437.84703576886824
2023-07-31,370.2754167,35559.53,86544.6484,0.03734625794169719,0.03347894069914781,0.03444216956153445,0.03060030693333333,451.24528945324573
2023-08-31,362.3924161,34721.91,84804.8203,-0.01893538879365181,-0.023555429444652276,-0.020103243033107066,-0.019364584299999998,442.5071120056505
2023-09-30,349.7672362,33507.5,81907.3672,-0.03190552287211676,-0.03497532249809998,-0.03416613689823489,-0.04274687146666667,423.59131736565917
2023-10-31,345.2530285,33052.87,80875.3906,-0.009058873571704271,-0.013568007162575446,-0.012599313532812406,-0.009899747399999999,419.3978703229059
2023-11-30,378.2351389,35950.89,88279.1875,0.09948737495295895,0.08767831658793912,0.09154573282518408,0.08553168879999999,455.26967845074734
2023-12-31,397.0837018,37689.54,92630.5703,0.05362035842323458,0.04836180689824365,0.049291151439290415,0.05739615086666667,481.4004056001252
2024-01-31,402.0858842,38150.3,93844.3828,0.017700698442159588,0.012225142572713787,0.013103800355205086,0.009393627566666668,485.922501720775
2024-02-29,413.3071174,38996.39,96191.2734,0.03145614161473066,0.022177807251843262,0.025008322607882327,0.029271714833333337,500.1462866222455
2024-03-31,422.1836165,39807.37,98313.8828,0.023420731646172536,0.020796283963720796,0.022066548502517325,0.0252018214,512.7508840115726
2024-04-30,401.3030745,37815.92,93479.0391,-0.046237648571004694,-0.05002716833591381,-0.049177629469029704,-0.04875500726666667,487.75171093559845
2024-05-31,411.5993838,38686.32,95889.6328,0.028577896472130923,0.02301676119475604,0.025787531870339997,0.024920735166666666,499.9068421509131
2024-06-30,416.7738453,39118.86,97067.8438,0.015151852366378645,0.011180696432227188,0.012287157282762973,0.0042245446,502.0187209014248
2024-07-31,435.5282576,40842.79,101449.0,0.04915984466315833,0.04406902450633776,0.04513499041996849,0.03625024523333333,520.2170226458258
2024-08-31,444.2871528,41563.08,103510.2969,0.022196938594890168,0.01763567082464257,0.02031855316464437,0.01831819616666667,529.7464601158913
2024-09-30,453.030438,42330.15,105535.5938,0.022344625087779124,0.01845556200358578,0.019566139414676886,0.022971215066666665,541.9153799820189
2024-10-31,447.4299776,41763.46,104210.0313,-0.010368410579042172,-0.013387384641916023,-0.012560335828612157,-0.02138127726666667,530.3285369875522
2024-11-30,483.3258523,44910.65,112278.7031,0.0839672719818168,0.075357501509693,0.07742701637591765,0.07451987076666668,569.8485510277401
2024-12-31,458.7099663,42544.22,106513.5313,-0.04652103324098038,-0.05269195613957933,-0.05134697534638688,-0.03871857113333333,547.7848293695456
2025-01-31,480.5981365,44544.66,111608.1172,0.050828829235413264,0.047020253279999036,0.047830410256992195,0.040444001066666666,569.9394395928714
2025-02-28,473.8480494,43840.91,110051.2109,-0.009708508020178053,-0.01579875118588847,-0.013949758665044332,0.006135717366666667,573.4364269103296
2025-03-31,454.4292166,42001.76,105588.5391,-0.03671292772672673,-0.041950543453591616,-0.040550865033689654,-0.0423446101,549.1544849956746
2025-04-30,440.5958538,40669.36,102339.7813,-0.025448596822197248,-0.031722480200829684,-0.030768091193336677,-0.027969852766666668,533.7947149041909
2025-05-31,459.1096332,42270.07,106594.3125,0.052042875842543676,0.03935911457667385,0.04157260398601226,0.049016129566666664,559.9592658119367
2025-06-30,479.6488766,44094.77,111357.2266,0.04979545413207805,0.04316765976493531,0.04468262882224594,0.041878701266666665,583.4096326263767
2025-07-31,480.5493234,44130.98,111538.9375,0.007353620846011565,0.0008211858231714775,0.0016317836349564185,0.0011684461999999988,584.0913153946623
2025-08-31,496.9579241,45544.88,115357.9063,0.03810391938448242,0.03203871747239684,0.03423888451510493,0.0370661147,605.7413110863547
2025-09-30,506.9349243,46397.89,117669.25,0.02415452850873686,0.018728998737070013,0.020036283373495944,0.0094497537,611.4654172820359
2025-10-31,520.1497108,47562.87,120719.2969,0.030652172169787783,0.025108469372206343,0.02592050939391566,0.021407020333333335,624.5550699029226
2025-11-30,522.5469936,47716.42,121294.3203,0.008806855461762826,0.003228358591480962,0.004763309717387809,0.011416668133333334,631.6854078669952
2025-12-31,527.3658326,48063.29,122407.2109,0.011767976274444831,0.007269405374502158,0.009175125407747453,0.008409632066666667,636.9976497290389
2026-01-31,536.8469683,48892.47,124612.7578,0.02592283456928821,0.017251836068650217,0.018018112526081653,0.023269624966666666,651.8203461428817
2026-02-28,538.5181048,48977.92,125002.6328,0.011714231536264982,0.0017477128891216775,0.003128692494116292,0.0164784334,662.5613243055622
2026-03-31,510.5032382,46341.51,118499.4688,-0.049627789919142594,-0.0538285415142169,-0.05202421624514775,-0.05270960300000001,627.6379799382617
